{
  "strategy_name": "PivotCamarillaStrategy",
  "params": {
    "trailing": {
      "trailing_stop": true,
      "trailing_stop_positive": 0.01,
      "trailing_stop_positive_offset": 0.02,
      "trailing_only_offset_is_reached": true
    },
    "max_open_trades": {
      "max_open_trades": 2
    },
    "buy": {},
    "sell": {},
    "protection": {},
    "roi": {
      "0": 0.183,
      "78": 0.159,
      "160": 0.064,
      "225": 0
    },
    "stoploss": {
      "stoploss": -0.272
    }
  },
  "ft_stratparam_v": 1,
  "export_time": "2025-07-22 09:30:41.759935+00:00"
}