{"$schema":"https://schema.freqtrade.io/schema.json","max_open_trades":2,"stake_currency":"USDT","stake_amount":1000,"tradable_balance_ratio":0.99,"fiat_display_currency":"USD","timeframe":"30m","dry_run":true,"dry_run_wallet":5000,"cancel_open_orders_on_exit":false,"trading_mode":"futures","margin_mode":"isolated","unfilledtimeout":{"entry":10,"exit":10,"exit_timeout_count":0,"unit":"minutes"},"entry_pricing":{"price_side":"same","use_order_book":true,"order_book_top":1,"price_last_balance":0.0,"check_depth_of_market":{"enabled":false,"bids_to_ask_delta":1}},"exit_pricing":{"price_side":"same","use_order_book":true,"order_book_top":1},"exchange":{"name":"binance","key":"REDACTED","secret":"REDACTED","ccxt_config":{},"ccxt_async_config":{},"pair_whitelist":["BTC/USDT:USDT","ETH/USDT:USDT","BNB/USDT:USDT","SOL/USDT:USDT","XRP/USDT:USDT","ADA/USDT:USDT","DOGE/USDT:USDT","AVAX/USDT:USDT","TRX/USDT:USDT","LINK/USDT:USDT","MATIC/USDT:USDT","DOT/USDT:USDT","LTC/USDT:USDT","BCH/USDT:USDT","UNI/USDT:USDT","SHIB/USDT:USDT","WBTC/USDT:USDT","ETC/USDT:USDT","FIL/USDT:USDT","USDC/USDT:USDT"],"pair_blacklist":["BNB/.*"]},"pairlists":[{"method":"StaticPairList"}],"telegram":{"enabled":true,"token":"REDACTED","chat_id":"REDACTED"},"api_server":{"enabled":true,"listen_ip_address":"0.0.0.0","listen_port":8080,"verbosity":"error","enable_openapi":false,"jwt_secret_key":"854f0599e644832a9396761d3f47de968fa4a2ff3484432d20bb743ed04099f4","ws_token":"lfcvRil8VSyEXpAlzULeGeYMX_QRNsvA9g","CORS_origins":[],"username":"freqtrader","password":"REDACTED"},"bot_name":"freqtrade","initial_state":"running","force_entry_enable":false,"internals":{"process_throttle_secs":5},"candle_type_def":"spot","config_files":["user_data/config.json"]}