{"strategy":{"PivotCamarillaStrategy":{"trades":[{"pair":"BTC/USDT:USDT","stake_amount":981.3924,"max_stake_amount":981.3924,"amount":0.027,"open_date":"2025-05-24 11:00:00+00:00","close_date":"2025-05-24 22:30:00+00:00","open_rate":109043.6,"close_rate":107953.2,"fee_open":0.0005,"fee_close":0.0005,"trade_duration":690,"profit_ratio":-0.033202200482082195,"profit_abs":-32.60067941,"exit_reason":"stop_loss","initial_stop_loss_abs":107953.2,"initial_stop_loss_ratio":-0.03,"stop_loss_abs":107953.2,"stop_loss_ratio":-0.03,"min_rate":107923.1,"max_rate":109440.2,"is_open":false,"enter_tag":"","leverage":3.0,"is_short":false,"open_timestamp":1748084400000,"close_timestamp":1748125800000,"orders":[{"amount":0.027,"safe_price":109043.6,"ft_order_side":"buy","order_filled_timestamp":1748084400000,"ft_is_entry":true,"ft_order_tag":"","cost":2945.6492886},{"amount":0.027,"safe_price":107953.2,"ft_order_side":"sell","order_filled_timestamp":1748125800000,"ft_is_entry":false,"ft_order_tag":"stop_loss","cost":2916.1937682}],"funding_fees":-0.2304226112451198},{"pair":"BTC/USDT:USDT","stake_amount":982.1034,"max_stake_amount":982.1034,"amount":0.027,"open_date":"2025-05-25 23:00:00+00:00","close_date":"2025-05-26 07:00:00+00:00","open_rate":109122.6,"close_rate":109830.6,"fee_open":0.0005,"fee_close":0.0005,"trade_duration":480,"profit_ratio":0.016226905955365675,"profit_abs":15.94446776,"exit_reason":"trailing_stop_loss","initial_stop_loss_abs":108031.4,"initial_stop_loss_ratio":-0.03,"stop_loss_abs":109830.6,"stop_loss_ratio":-0.01,"min_rate":108499.2,"max_rate":110197.9,"is_open":false,"enter_tag":"","leverage":3.0,"is_short":false,"open_timestamp":1748214000000,"close_timestamp":1748242800000,"orders":[{"amount":0.027,"safe_price":109122.6,"ft_order_side":"buy","order_filled_timestamp":1748214000000,"ft_is_entry":true,"ft_order_tag":"","cost":2947.7833551000003},{"amount":0.027,"safe_price":109830.6,"ft_order_side":"sell","order_filled_timestamp":1748242800000,"ft_is_entry":false,"ft_order_tag":"trailing_stop_loss","cost":2966.9089131}],"funding_fees":-0.21566403978299997},{"pair":"BTC/USDT:USDT","stake_amount":988.7274,"max_stake_amount":988.7274,"amount":0.027,"open_date":"2025-05-26 09:30:00+00:00","close_date":"2025-05-27 01:00:00+00:00","open_rate":109858.6,"close_rate":108760.1,"fee_open":0.0005,"fee_close":0.0005,"trade_duration":930,"profit_ratio":-0.033488153794851656,"profit_abs":-33.12721056,"exit_reason":"stop_loss","initial_stop_loss_abs":108760.1,"initial_stop_loss_ratio":-0.03,"stop_loss_abs":108760.1,"stop_loss_ratio":-0.03,"min_rate":107438.0,"max_rate":110400.0,"is_open":false,"enter_tag":"","leverage":3.0,"is_short":false,"open_timestamp":1748251800000,"close_timestamp":1748307600000,"orders":[{"amount":0.027,"safe_price":109858.6,"ft_order_side":"buy","order_filled_timestamp":1748251800000,"ft_is_entry":true,"ft_order_tag":"","cost":2967.6652911},{"amount":0.027,"safe_price":108760.1,"ft_order_side":"sell","order_filled_timestamp":1748307600000,"ft_is_entry":false,"ft_order_tag":"stop_loss","cost":2937.99096135}],"funding_fees":-0.5163581108169261},{"pair":"BTC/USDT:USDT","stake_amount":993.564,"max_stake_amount":993.564,"amount":0.027,"open_date":"2025-05-27 13:30:00+00:00","close_date":"2025-05-27 14:30:00+00:00","open_rate":110396.0,"close_rate":109292.1,"fee_open":0.0005,"fee_close":0.0005,"trade_duration":60,"profit_ratio":-0.03296688687794948,"profit_abs":-32.77108935,"exit_reason":"stop_loss","initial_stop_loss_abs":109292.1,"initial_stop_loss_ratio":-0.03,"stop_loss_abs":109292.1,"stop_loss_ratio":-0.03,"min_rate":108609.4,"max_rate":110638.1,"is_open":false,"enter_tag":"","leverage":3.0,"is_short":false,"open_timestamp":1748352600000,"close_timestamp":1748356200000,"orders":[{"amount":0.027,"safe_price":110396.0,"ft_order_side":"buy","order_filled_timestamp":1748352600000,"ft_is_entry":true,"ft_order_tag":"","cost":2982.182346},{"amount":0.027,"safe_price":109292.1,"ft_order_side":"sell","order_filled_timestamp":1748356200000,"ft_is_entry":false,"ft_order_tag":"stop_loss","cost":2952.3621433499998}],"funding_fees":0.0},{"pair":"BTC/USDT:USDT","stake_amount":990.8217,"max_stake_amount":990.8217,"amount":0.027,"open_date":"2025-05-27 16:00:00+00:00","close_date":"2025-05-27 21:30:00+00:00","open_rate":110091.3,"close_rate":108990.4,"fee_open":0.0005,"fee_close":0.0005,"trade_duration":330,"profit_ratio":-0.0330424047274983,"profit_abs":-32.75550119,"exit_reason":"stop_loss","initial_stop_loss_abs":108990.4,"initial_stop_loss_ratio":-0.03,"stop_loss_abs":108990.4,"stop_loss_ratio":-0.03,"min_rate":108770.1,"max_rate":110459.7,"is_open":false,"enter_tag":"","leverage":3.0,"is_short":false,"open_timestamp":1748361600000,"close_timestamp":1748381400000,"orders":[{"amount":0.027,"safe_price":110091.3,"ft_order_side":"buy","order_filled_timestamp":1748361600000,"ft_is_entry":true,"ft_order_tag":"","cost":2973.9513325499997},{"amount":0.027,"safe_price":108990.4,"ft_order_side":"sell","order_filled_timestamp":1748381400000,"ft_is_entry":false,"ft_order_tag":"stop_loss","cost":2944.2121703999996}],"funding_fees":-0.073598235876},{"pair":"BTC/USDT:USDT","stake_amount":975.9087,"max_stake_amount":975.9087,"amount":0.027,"open_date":"2025-05-29 09:00:00+00:00","close_date":"2025-05-29 14:00:00+00:00","open_rate":108434.3,"close_rate":107350.0,"fee_open":0.0005,"fee_close":0.0005,"trade_duration":300,"profit_ratio":-0.03296732727072765,"profit_abs":-32.18918805,"exit_reason":"stop_loss","initial_stop_loss_abs":107350.0,"initial_stop_loss_ratio":-0.03,"stop_loss_abs":107350.0,"stop_loss_ratio":-0.03,"min_rate":106882.0,"max_rate":108860.0,"is_open":false,"enter_tag":"","leverage":3.0,"is_short":false,"open_timestamp":1748509200000,"close_timestamp":1748527200000,"orders":[{"amount":0.027,"safe_price":108434.3,"ft_order_side":"buy","order_filled_timestamp":1748509200000,"ft_is_entry":true,"ft_order_tag":"","cost":2929.1899630499997},{"amount":0.027,"safe_price":107350.0,"ft_order_side":"sell","order_filled_timestamp":1748527200000,"ft_is_entry":false,"ft_order_tag":"stop_loss","cost":2899.8992249999997}],"funding_fees":0.0},{"pair":"BTC/USDT:USDT","stake_amount":977.48093333,"max_stake_amount":977.48093333,"amount":0.028,"open_date":"2025-05-31 15:30:00+00:00","close_date":"2025-06-01 09:30:00+00:00","open_rate":104730.1,"close_rate":103987.6,"fee_open":0.0005,"fee_close":0.0005,"trade_duration":1080,"profit_ratio":-0.02443869094338373,"profit_abs":-23.90029861,"exit_reason":"exit_signal","initial_stop_loss_abs":103682.8,"initial_stop_loss_ratio":-0.03,"stop_loss_abs":103682.8,"stop_loss_ratio":-0.03,"min_rate":103704.1,"max_rate":104859.3,"is_open":false,"enter_tag":"","leverage":3.0,"is_short":false,"open_timestamp":1748705400000,"close_timestamp":1748770200000,"orders":[{"amount":0.028,"safe_price":104730.1,"ft_order_side":"buy","order_filled_timestamp":1748705400000,"ft_is_entry":true,"ft_order_tag":"","cost":2933.9090214000003},{"amount":0.028,"safe_price":103987.6,"ft_order_side":"sell","order_filled_timestamp":1748770200000,"ft_is_entry":false,"ft_order_tag":"exit_signal","cost":2913.1086264}],"funding_fees":-0.1882508144413736},{"pair":"BTC/USDT:USDT","stake_amount":980.94546667,"max_stake_amount":980.94546667,"amount":0.028,"open_date":"2025-06-01 16:30:00+00:00","close_date":"2025-06-02 03:00:00+00:00","open_rate":105101.3,"close_rate":104986.9,"fee_open":0.0005,"fee_close":0.0005,"trade_duration":630,"profit_ratio":-0.006241318219653532,"profit_abs":-6.12545401,"exit_reason":"exit_signal","initial_stop_loss_abs":104050.3,"initial_stop_loss_ratio":-0.03,"stop_loss_abs":104050.3,"stop_loss_ratio":-0.03,"min_rate":104280.1,"max_rate":105823.6,"is_open":false,"enter_tag":"","leverage":3.0,"is_short":false,"open_timestamp":1748795400000,"close_timestamp":1748833200000,"orders":[{"amount":0.028,"safe_price":105101.3,"ft_order_side":"buy","order_filled_timestamp":1748795400000,"ft_is_entry":true,"ft_order_tag":"","cost":2944.3078182},{"amount":0.028,"safe_price":104986.9,"ft_order_side":"sell","order_filled_timestamp":1748833200000,"ft_is_entry":false,"ft_order_tag":"exit_signal","cost":2941.1030165999996}],"funding_fees":0.018980788828321285},{"pair":"BTC/USDT:USDT","stake_amount":993.95333333,"max_stake_amount":993.95333333,"amount":0.028,"open_date":"2025-06-03 15:00:00+00:00","close_date":"2025-06-03 20:30:00+00:00","open_rate":106495.0,"close_rate":105430.1,"fee_open":0.0005,"fee_close":0.0005,"trade_duration":330,"profit_ratio":-0.03310079848031823,"profit_abs":-32.91709931,"exit_reason":"stop_loss","initial_stop_loss_abs":105430.1,"initial_stop_loss_ratio":-0.03,"stop_loss_abs":105430.1,"stop_loss_ratio":-0.03,"min_rate":105300.1,"max_rate":106775.0,"is_open":false,"enter_tag":"","leverage":3.0,"is_short":false,"open_timestamp":1748962800000,"close_timestamp":1748982600000,"orders":[{"amount":0.028,"safe_price":106495.0,"ft_order_side":"buy","order_filled_timestamp":1748962800000,"ft_is_entry":true,"ft_order_tag":"","cost":2983.35093},{"amount":0.028,"safe_price":105430.1,"ft_order_side":"sell","order_filled_timestamp":1748982600000,"ft_is_entry":false,"ft_order_tag":"stop_loss","cost":2953.5188214}],"funding_fees":-0.132947914848},{"pair":"BTC/USDT:USDT","stake_amount":983.30866667,"max_stake_amount":983.30866667,"amount":0.028,"open_date":"2025-06-05 12:30:00+00:00","close_date":"2025-06-05 13:30:00+00:00","open_rate":105354.5,"close_rate":104301.0,"fee_open":0.0005,"fee_close":0.0005,"trade_duration":60,"profit_ratio":-0.03296723563480114,"profit_abs":-32.433177,"exit_reason":"stop_loss","initial_stop_loss_abs":104301.0,"initial_stop_loss_ratio":-0.03,"stop_loss_abs":104301.0,"stop_loss_ratio":-0.03,"min_rate":104252.6,"max_rate":105878.3,"is_open":false,"enter_tag":"","leverage":3.0,"is_short":false,"open_timestamp":1749126600000,"close_timestamp":1749130200000,"orders":[{"amount":0.028,"safe_price":105354.5,"ft_order_side":"buy","order_filled_timestamp":1749126600000,"ft_is_entry":true,"ft_order_tag":"","cost":2951.4009629999996},{"amount":0.028,"safe_price":104301.0,"ft_order_side":"sell","order_filled_timestamp":1749130200000,"ft_is_entry":false,"ft_order_tag":"stop_loss","cost":2921.8882139999996}],"funding_fees":0.0},{"pair":"BTC/USDT:USDT","stake_amount":995.90833333,"max_stake_amount":995.90833333,"amount":0.029,"open_date":"2025-06-06 06:30:00+00:00","close_date":"2025-06-06 12:30:00+00:00","open_rate":103025.0,"close_rate":103632.6,"fee_open":0.0005,"fee_close":0.0005,"trade_duration":360,"profit_ratio":0.014767526203511638,"profit_abs":14.71445596,"exit_reason":"trailing_stop_loss","initial_stop_loss_abs":101994.8,"initial_stop_loss_ratio":-0.03,"stop_loss_abs":103632.6,"stop_loss_ratio":-0.01,"min_rate":102913.8,"max_rate":104293.8,"is_open":false,"enter_tag":"","leverage":3.0,"is_short":false,"open_timestamp":1749191400000,"close_timestamp":1749213000000,"orders":[{"amount":0.029,"safe_price":103025.0,"ft_order_side":"buy","order_filled_timestamp":1749191400000,"ft_is_entry":true,"ft_order_tag":"","cost":2989.2188625000003},{"amount":0.029,"safe_price":103632.6,"ft_order_side":"sell","order_filled_timestamp":1749213000000,"ft_is_entry":false,"ft_order_tag":"trailing_stop_loss","cost":3006.8480727}],"funding_fees":0.09059115816},{"pair":"BTC/USDT:USDT","stake_amount":984.2028,"max_stake_amount":984.2028,"amount":0.028,"open_date":"2025-06-07 13:30:00+00:00","close_date":"2025-06-08 22:00:00+00:00","open_rate":105450.3,"close_rate":106127.7,"fee_open":0.0005,"fee_close":0.0005,"trade_duration":1950,"profit_ratio":0.016041101662598697,"profit_abs":15.79559102,"exit_reason":"trailing_stop_loss","initial_stop_loss_abs":104395.8,"initial_stop_loss_ratio":-0.03,"stop_loss_abs":106127.7,"stop_loss_ratio":-0.01,"min_rate":104927.4,"max_rate":106482.6,"is_open":false,"enter_tag":"","leverage":3.0,"is_short":false,"open_timestamp":1749303000000,"close_timestamp":1749420000000,"orders":[{"amount":0.028,"safe_price":105450.3,"ft_order_side":"buy","order_filled_timestamp":1749303000000,"ft_is_entry":true,"ft_order_tag":"","cost":2954.0847042},{"amount":0.028,"safe_price":106127.7,"ft_order_side":"sell","order_filled_timestamp":1749420000000,"ft_is_entry":false,"ft_order_tag":"trailing_stop_loss","cost":2973.0613878}],"funding_fees":-0.20951698280157674},{"pair":"BTC/USDT:USDT","stake_amount":994.57866667,"max_stake_amount":994.57866667,"amount":0.028,"open_date":"2025-06-09 10:00:00+00:00","close_date":"2025-06-09 10:30:00+00:00","open_rate":106562.0,"close_rate":107085.0,"fee_open":0.0005,"fee_close":0.0005,"trade_duration":30,"profit_ratio":0.011710605536930489,"profit_abs":11.652942,"exit_reason":"trailing_stop_loss","initial_stop_loss_abs":105496.4,"initial_stop_loss_ratio":-0.03,"stop_loss_abs":107085.0,"stop_loss_ratio":-0.01,"min_rate":106511.4,"max_rate":107443.1,"is_open":false,"enter_tag":"","leverage":3.0,"is_short":false,"open_timestamp":1749463200000,"close_timestamp":1749465000000,"orders":[{"amount":0.028,"safe_price":106562.0,"ft_order_side":"buy","order_filled_timestamp":1749463200000,"ft_is_entry":true,"ft_order_tag":"","cost":2985.2278679999995},{"amount":0.028,"safe_price":107085.0,"ft_order_side":"sell","order_filled_timestamp":1749465000000,"ft_is_entry":false,"ft_order_tag":"trailing_stop_loss","cost":2999.87919}],"funding_fees":0.0},{"pair":"BTC/USDT:USDT","stake_amount":989.6236,"max_stake_amount":989.6236,"amount":0.028,"open_date":"2025-06-15 06:00:00+00:00","close_date":"2025-06-15 09:00:00+00:00","open_rate":106031.1,"close_rate":104970.8,"fee_open":0.0005,"fee_close":0.0005,"trade_duration":180,"profit_ratio":-0.03301108775523126,"profit_abs":-32.68488578,"exit_reason":"stop_loss","initial_stop_loss_abs":104970.8,"initial_stop_loss_ratio":-0.03,"stop_loss_abs":104970.8,"stop_loss_ratio":-0.03,"min_rate":104856.4,"max_rate":106099.4,"is_open":false,"enter_tag":"","leverage":3.0,"is_short":false,"open_timestamp":1749967200000,"close_timestamp":1749978000000,"orders":[{"amount":0.028,"safe_price":106031.1,"ft_order_side":"buy","order_filled_timestamp":1749967200000,"ft_is_entry":true,"ft_order_tag":"","cost":2970.3552354},{"amount":0.028,"safe_price":104970.8,"ft_order_side":"sell","order_filled_timestamp":1749978000000,"ft_is_entry":false,"ft_order_tag":"stop_loss","cost":2940.6519912}],"funding_fees":-0.04245918165071273},{"pair":"BTC/USDT:USDT","stake_amount":991.01333333,"max_stake_amount":991.01333333,"amount":0.028,"open_date":"2025-06-16 04:30:00+00:00","close_date":"2025-06-16 07:30:00+00:00","open_rate":106180.0,"close_rate":106892.5,"fee_open":0.0005,"fee_close":0.0005,"trade_duration":180,"profit_ratio":0.01711228817687596,"profit_abs":16.966985,"exit_reason":"trailing_stop_loss","initial_stop_loss_abs":105118.2,"initial_stop_loss_ratio":-0.03,"stop_loss_abs":106892.5,"stop_loss_ratio":-0.01,"min_rate":106104.1,"max_rate":107250.0,"is_open":false,"enter_tag":"","leverage":3.0,"is_short":false,"open_timestamp":1750048200000,"close_timestamp":1750059000000,"orders":[{"amount":0.028,"safe_price":106180.0,"ft_order_side":"buy","order_filled_timestamp":1750048200000,"ft_is_entry":true,"ft_order_tag":"","cost":2974.52652},{"amount":0.028,"safe_price":106892.5,"ft_order_side":"sell","order_filled_timestamp":1750059000000,"ft_is_entry":false,"ft_order_tag":"trailing_stop_loss","cost":2994.486495}],"funding_fees":0.0},{"pair":"BTC/USDT:USDT","stake_amount":981.148,"max_stake_amount":981.148,"amount":0.028,"open_date":"2025-06-20 07:30:00+00:00","close_date":"2025-06-20 08:00:00+00:00","open_rate":105123.0,"close_rate":106087.2,"fee_open":0.0005,"fee_close":0.0005,"trade_duration":30,"profit_ratio":0.024253156192698678,"profit_abs":23.80783366,"exit_reason":"trailing_stop_loss","initial_stop_loss_abs":104071.8,"initial_stop_loss_ratio":-0.03,"stop_loss_abs":106087.2,"stop_loss_ratio":-0.01,"min_rate":105112.9,"max_rate":106442.0,"is_open":false,"enter_tag":"","leverage":3.0,"is_short":false,"open_timestamp":1750404600000,"close_timestamp":1750406400000,"orders":[{"amount":0.028,"safe_price":105123.0,"ft_order_side":"buy","order_filled_timestamp":1750404600000,"ft_is_entry":true,"ft_order_tag":"","cost":2944.9157219999997},{"amount":0.028,"safe_price":106087.2,"ft_order_side":"sell","order_filled_timestamp":1750406400000,"ft_is_entry":false,"ft_order_tag":"trailing_stop_loss","cost":2971.9268208}],"funding_fees":-0.23282353836},{"pair":"BTC/USDT:USDT","stake_amount":990.20983333,"max_stake_amount":990.20983333,"amount":0.029,"open_date":"2025-06-23 18:00:00+00:00","close_date":"2025-06-23 18:30:00+00:00","open_rate":102435.5,"close_rate":102929.5,"fee_open":0.0005,"fee_close":0.0005,"trade_duration":30,"profit_ratio":0.01145467945284061,"profit_abs":11.3482075,"exit_reason":"trailing_stop_loss","initial_stop_loss_abs":101411.2,"initial_stop_loss_ratio":-0.03,"stop_loss_abs":102929.5,"stop_loss_ratio":-0.01,"min_rate":102331.4,"max_rate":103273.7,"is_open":false,"enter_tag":"","leverage":3.0,"is_short":false,"open_timestamp":1750701600000,"close_timestamp":1750703400000,"orders":[{"amount":0.029,"safe_price":102435.5,"ft_order_side":"buy","order_filled_timestamp":1750701600000,"ft_is_entry":true,"ft_order_tag":"","cost":2972.11481475},{"amount":0.029,"safe_price":102929.5,"ft_order_side":"sell","order_filled_timestamp":1750703400000,"ft_is_entry":false,"ft_order_tag":"trailing_stop_loss","cost":2986.44797775}],"funding_fees":0.0},{"pair":"BTC/USDT:USDT","stake_amount":994.6468,"max_stake_amount":994.6468,"amount":0.028,"open_date":"2025-06-25 07:30:00+00:00","close_date":"2025-06-25 13:00:00+00:00","open_rate":106569.3,"close_rate":107500.1,"fee_open":0.0005,"fee_close":0.0005,"trade_duration":330,"profit_ratio":0.023095619046088416,"profit_abs":22.98346957,"exit_reason":"trailing_stop_loss","initial_stop_loss_abs":105503.7,"initial_stop_loss_ratio":-0.03,"stop_loss_abs":107500.1,"stop_loss_ratio":-0.01,"min_rate":106286.5,"max_rate":107859.6,"is_open":false,"enter_tag":"","leverage":3.0,"is_short":false,"open_timestamp":1750836600000,"close_timestamp":1750856400000,"orders":[{"amount":0.028,"safe_price":106569.3,"ft_order_side":"buy","order_filled_timestamp":1750836600000,"ft_is_entry":true,"ft_order_tag":"","cost":2985.4323701999997},{"amount":0.028,"safe_price":107500.1,"ft_order_side":"sell","order_filled_timestamp":1750856400000,"ft_is_entry":false,"ft_order_tag":"trailing_stop_loss","cost":3011.5078014}],"funding_fees":-0.08195882590306129},{"pair":"BTC/USDT:USDT","stake_amount":971.3547,"max_stake_amount":971.3547,"amount":0.027,"open_date":"2025-06-26 07:30:00+00:00","close_date":"2025-06-26 13:30:00+00:00","open_rate":107928.3,"close_rate":106849.1,"fee_open":0.0005,"fee_close":0.0005,"trade_duration":360,"profit_ratio":-0.03308013509138441,"profit_abs":-32.14861097,"exit_reason":"stop_loss","initial_stop_loss_abs":106849.1,"initial_stop_loss_ratio":-0.03,"stop_loss_abs":106849.1,"stop_loss_ratio":-0.03,"min_rate":106741.2,"max_rate":108135.0,"is_open":false,"enter_tag":"","leverage":3.0,"is_short":false,"open_timestamp":1750923000000,"close_timestamp":1750944600000,"orders":[{"amount":0.027,"safe_price":107928.3,"ft_order_side":"buy","order_filled_timestamp":1750923000000,"ft_is_entry":true,"ft_order_tag":"","cost":2915.52113205},{"amount":0.027,"safe_price":106849.1,"ft_order_side":"sell","order_filled_timestamp":1750944600000,"ft_is_entry":false,"ft_order_tag":"stop_loss","cost":2886.36816285}],"funding_fees":-0.11071607121000002},{"pair":"BTC/USDT:USDT","stake_amount":966.8529,"max_stake_amount":966.8529,"amount":0.027,"open_date":"2025-06-27 04:00:00+00:00","close_date":"2025-06-27 13:30:00+00:00","open_rate":107428.1,"close_rate":106353.9,"fee_open":0.0005,"fee_close":0.0005,"trade_duration":570,"profit_ratio":-0.033045656330629156,"profit_abs":-31.9662638,"exit_reason":"stop_loss","initial_stop_loss_abs":106353.9,"initial_stop_loss_ratio":-0.03,"stop_loss_abs":106353.9,"stop_loss_ratio":-0.03,"min_rate":106313.1,"max_rate":107686.0,"is_open":false,"enter_tag":"","leverage":3.0,"is_short":false,"open_timestamp":1750996800000,"close_timestamp":1751031000000,"orders":[{"amount":0.027,"safe_price":107428.1,"ft_order_side":"buy","order_filled_timestamp":1750996800000,"ft_is_entry":true,"ft_order_tag":"","cost":2902.0089793499997},{"amount":0.027,"safe_price":106353.9,"ft_order_side":"sell","order_filled_timestamp":1751031000000,"ft_is_entry":false,"ft_order_tag":"stop_loss","cost":2872.9910776499996}],"funding_fees":-0.0768067993164016},{"pair":"BTC/USDT:USDT","stake_amount":966.7683,"max_stake_amount":966.7683,"amount":0.027,"open_date":"2025-06-27 17:00:00+00:00","close_date":"2025-06-29 10:00:00+00:00","open_rate":107418.7,"close_rate":107908.0,"fee_open":0.0005,"fee_close":0.0005,"trade_duration":2460,"profit_ratio":0.010175227421442997,"profit_abs":9.84200586,"exit_reason":"trailing_stop_loss","initial_stop_loss_abs":106344.6,"initial_stop_loss_ratio":-0.03,"stop_loss_abs":107908.0,"stop_loss_ratio":-0.01,"min_rate":106373.3,"max_rate":108268.8,"is_open":false,"enter_tag":"","leverage":3.0,"is_short":false,"open_timestamp":1751043600000,"close_timestamp":1751191200000,"orders":[{"amount":0.027,"safe_price":107418.7,"ft_order_side":"buy","order_filled_timestamp":1751043600000,"ft_is_entry":true,"ft_order_tag":"","cost":2901.7550524499998},{"amount":0.027,"safe_price":107908.0,"ft_order_side":"sell","order_filled_timestamp":1751191200000,"ft_is_entry":false,"ft_order_tag":"trailing_stop_loss","cost":2914.972758}],"funding_fees":-0.46218368850338537},{"pair":"BTC/USDT:USDT","stake_amount":967.3695,"max_stake_amount":967.3695,"amount":0.027,"open_date":"2025-06-29 18:00:00+00:00","close_date":"2025-06-29 23:00:00+00:00","open_rate":107485.5,"close_rate":108038.7,"fee_open":0.0005,"fee_close":0.0005,"trade_duration":300,"profit_ratio":0.0124262889139602,"profit_abs":12.0268233,"exit_reason":"trailing_stop_loss","initial_stop_loss_abs":106410.7,"initial_stop_loss_ratio":-0.03,"stop_loss_abs":108038.7,"stop_loss_ratio":-0.01,"min_rate":107203.8,"max_rate":108400.0,"is_open":false,"enter_tag":"","leverage":3.0,"is_short":false,"open_timestamp":1751220000000,"close_timestamp":1751238000000,"orders":[{"amount":0.027,"safe_price":107485.5,"ft_order_side":"buy","order_filled_timestamp":1751220000000,"ft_is_entry":true,"ft_order_tag":"","cost":2903.5595542499996},{"amount":0.027,"safe_price":108038.7,"ft_order_side":"sell","order_filled_timestamp":1751238000000,"ft_is_entry":false,"ft_order_tag":"trailing_stop_loss","cost":2918.5034224499996}],"funding_fees":0.0},{"pair":"BTC/USDT:USDT","stake_amount":992.544,"max_stake_amount":992.544,"amount":0.028,"open_date":"2025-07-02 05:00:00+00:00","close_date":"2025-07-02 08:00:00+00:00","open_rate":106344.0,"close_rate":107276.3,"fee_open":0.0005,"fee_close":0.0005,"trade_duration":180,"profit_ratio":0.023173015031559566,"profit_abs":23.01173715,"exit_reason":"trailing_stop_loss","initial_stop_loss_abs":105280.6,"initial_stop_loss_ratio":-0.03,"stop_loss_abs":107276.3,"stop_loss_ratio":-0.01,"min_rate":106245.4,"max_rate":107635.0,"is_open":false,"enter_tag":"","leverage":3.0,"is_short":false,"open_timestamp":1751432400000,"close_timestamp":1751443200000,"orders":[{"amount":0.028,"safe_price":106344.0,"ft_order_side":"buy","order_filled_timestamp":1751432400000,"ft_is_entry":true,"ft_order_tag":"","cost":2979.120816},{"amount":0.028,"safe_price":107276.3,"ft_order_side":"sell","order_filled_timestamp":1751443200000,"ft_is_entry":false,"ft_order_tag":"trailing_stop_loss","cost":3005.2382682}],"funding_fees":-0.10197865384},{"pair":"BTC/USDT:USDT","stake_amount":991.9827,"max_stake_amount":991.9827,"amount":0.027,"open_date":"2025-07-03 14:00:00+00:00","close_date":"2025-07-03 15:30:00+00:00","open_rate":110220.3,"close_rate":109118.1,"fee_open":0.0005,"fee_close":0.0005,"trade_duration":90,"profit_ratio":-0.03296843416909295,"profit_abs":-32.7204684,"exit_reason":"stop_loss","initial_stop_loss_abs":109118.1,"initial_stop_loss_ratio":-0.03,"stop_loss_abs":109118.1,"stop_loss_ratio":-0.03,"min_rate":109043.9,"max_rate":110450.0,"is_open":false,"enter_tag":"","leverage":3.0,"is_short":false,"open_timestamp":1751551200000,"close_timestamp":1751556600000,"orders":[{"amount":0.027,"safe_price":110220.3,"ft_order_side":"buy","order_filled_timestamp":1751551200000,"ft_is_entry":true,"ft_order_tag":"","cost":2977.43607405},{"amount":0.027,"safe_price":109118.1,"ft_order_side":"sell","order_filled_timestamp":1751556600000,"ft_is_entry":false,"ft_order_tag":"stop_loss","cost":2947.66179435}],"funding_fees":0.0},{"pair":"BTC/USDT:USDT","stake_amount":975.7656,"max_stake_amount":975.7656,"amount":0.027,"open_date":"2025-07-06 13:30:00+00:00","close_date":"2025-07-06 21:00:00+00:00","open_rate":108418.4,"close_rate":108935.7,"fee_open":0.0005,"fee_close":0.0005,"trade_duration":450,"profit_ratio":0.011270234169555375,"profit_abs":11.00260536,"exit_reason":"trailing_stop_loss","initial_stop_loss_abs":107334.3,"initial_stop_loss_ratio":-0.03,"stop_loss_abs":108935.7,"stop_loss_ratio":-0.01,"min_rate":108209.6,"max_rate":109300.0,"is_open":false,"enter_tag":"","leverage":3.0,"is_short":false,"open_timestamp":1751808600000,"close_timestamp":1751835600000,"orders":[{"amount":0.027,"safe_price":108418.4,"ft_order_side":"buy","order_filled_timestamp":1751808600000,"ft_is_entry":true,"ft_order_tag":"","cost":2928.7604483999994},{"amount":0.027,"safe_price":108935.7,"ft_order_side":"sell","order_filled_timestamp":1751835600000,"ft_is_entry":false,"ft_order_tag":"trailing_stop_loss","cost":2942.7345319499996}],"funding_fees":-0.030214293408},{"pair":"BTC/USDT:USDT","stake_amount":979.65,"max_stake_amount":979.65,"amount":0.027,"open_date":"2025-07-08 11:30:00+00:00","close_date":"2025-07-09 04:00:00+00:00","open_rate":108850.0,"close_rate":108311.9,"fee_open":0.0005,"fee_close":0.0005,"trade_duration":990,"profit_ratio":-0.018014289655049982,"profit_abs":-17.65652271,"exit_reason":"exit_signal","initial_stop_loss_abs":107761.5,"initial_stop_loss_ratio":-0.03,"stop_loss_abs":107761.5,"stop_loss_ratio":-0.03,"min_rate":108041.0,"max_rate":109180.0,"is_open":false,"enter_tag":"","leverage":3.0,"is_short":false,"open_timestamp":1751974200000,"close_timestamp":1752033600000,"orders":[{"amount":0.027,"safe_price":108850.0,"ft_order_side":"buy","order_filled_timestamp":1751974200000,"ft_is_entry":true,"ft_order_tag":"","cost":2940.4194749999997},{"amount":0.027,"safe_price":108311.9,"ft_order_side":"sell","order_filled_timestamp":1752033600000,"ft_is_entry":false,"ft_order_tag":"exit_signal","cost":2925.8835106499996}],"funding_fees":-0.196137059904},{"pair":"BTC/USDT:USDT","stake_amount":985.0779,"max_stake_amount":985.0779,"amount":0.027,"open_date":"2025-07-09 12:30:00+00:00","close_date":"2025-07-09 19:00:00+00:00","open_rate":109453.1,"close_rate":109952.3,"fee_open":0.0005,"fee_close":0.0005,"trade_duration":390,"profit_ratio":0.010543374607572993,"profit_abs":10.39123834,"exit_reason":"trailing_stop_loss","initial_stop_loss_abs":108358.6,"initial_stop_loss_ratio":-0.03,"stop_loss_abs":109952.3,"stop_loss_ratio":-0.01,"min_rate":108429.0,"max_rate":110320.0,"is_open":false,"enter_tag":"","leverage":3.0,"is_short":false,"open_timestamp":1752064200000,"close_timestamp":1752087600000,"orders":[{"amount":0.027,"safe_price":109453.1,"ft_order_side":"buy","order_filled_timestamp":1752064200000,"ft_is_entry":true,"ft_order_tag":"","cost":2956.71131685},{"amount":0.027,"safe_price":109952.3,"ft_order_side":"sell","order_filled_timestamp":1752087600000,"ft_is_entry":false,"ft_order_tag":"trailing_stop_loss","cost":2970.19645605}],"funding_fees":-0.1251887562},{"pair":"BTC/USDT:USDT","stake_amount":973.65926667,"max_stake_amount":973.65926667,"amount":0.026,"open_date":"2025-07-10 16:30:00+00:00","close_date":"2025-07-10 17:00:00+00:00","open_rate":112345.3,"close_rate":113052.6,"fee_open":0.0005,"fee_close":0.0005,"trade_duration":30,"profit_ratio":0.015869926860784773,"profit_abs":15.4596273,"exit_reason":"trailing_stop_loss","initial_stop_loss_abs":111221.9,"initial_stop_loss_ratio":-0.03,"stop_loss_abs":113052.6,"stop_loss_ratio":-0.01,"min_rate":112341.9,"max_rate":113430.7,"is_open":false,"enter_tag":"","leverage":3.0,"is_short":false,"open_timestamp":1752165000000,"close_timestamp":1752166800000,"orders":[{"amount":0.026,"safe_price":112345.3,"ft_order_side":"buy","order_filled_timestamp":1752165000000,"ft_is_entry":true,"ft_order_tag":"","cost":2922.4382889},{"amount":0.026,"safe_price":113052.6,"ft_order_side":"sell","order_filled_timestamp":1752166800000,"ft_is_entry":false,"ft_order_tag":"trailing_stop_loss","cost":2940.8372838}],"funding_fees":0.0},{"pair":"BTC/USDT:USDT","stake_amount":984.1375,"max_stake_amount":984.1375,"amount":0.025,"open_date":"2025-07-11 06:30:00+00:00","close_date":"2025-07-11 15:30:00+00:00","open_rate":118096.5,"close_rate":116915.6,"fee_open":0.0005,"fee_close":0.0005,"trade_duration":540,"profit_ratio":-0.03326525963625242,"profit_abs":-32.75395825,"exit_reason":"stop_loss","initial_stop_loss_abs":116915.6,"initial_stop_loss_ratio":-0.03,"stop_loss_abs":116915.6,"stop_loss_ratio":-0.03,"min_rate":116725.1,"max_rate":118882.8,"is_open":false,"enter_tag":"","leverage":3.0,"is_short":false,"open_timestamp":1752215400000,"close_timestamp":1752247800000,"orders":[{"amount":0.025,"safe_price":118096.5,"ft_order_side":"buy","order_filled_timestamp":1752215400000,"ft_is_entry":true,"ft_order_tag":"","cost":2953.8887062500003},{"amount":0.025,"safe_price":116915.6,"ft_order_side":"sell","order_filled_timestamp":1752247800000,"ft_is_entry":false,"ft_order_tag":"stop_loss","cost":2924.3514450000002}],"funding_fees":-0.29380700000000004},{"pair":"BTC/USDT:USDT","stake_amount":983.93916667,"max_stake_amount":983.93916667,"amount":0.025,"open_date":"2025-07-11 20:00:00+00:00","close_date":"2025-07-12 15:30:00+00:00","open_rate":118072.7,"close_rate":116892.0,"fee_open":0.0005,"fee_close":0.0005,"trade_duration":1170,"profit_ratio":-0.03356510674364603,"profit_abs":-33.04253617,"exit_reason":"stop_loss","initial_stop_loss_abs":116892.0,"initial_stop_loss_ratio":-0.03,"stop_loss_abs":116892.0,"stop_loss_ratio":-0.03,"min_rate":116862.4,"max_rate":118176.9,"is_open":false,"enter_tag":"","leverage":3.0,"is_short":false,"open_timestamp":1752264000000,"close_timestamp":1752334200000,"orders":[{"amount":0.025,"safe_price":118072.7,"ft_order_side":"buy","order_filled_timestamp":1752264000000,"ft_is_entry":true,"ft_order_tag":"","cost":2953.29340875},{"amount":0.025,"safe_price":116892.0,"ft_order_side":"sell","order_filled_timestamp":1752334200000,"ft_is_entry":false,"ft_order_tag":"stop_loss","cost":2923.76115}],"funding_fees":-0.5879774172101501},{"pair":"BTC/USDT:USDT","stake_amount":982.02333333,"max_stake_amount":982.02333333,"amount":0.025,"open_date":"2025-07-13 05:00:00+00:00","close_date":"2025-07-13 14:00:00+00:00","open_rate":117842.8,"close_rate":119256.2,"fee_open":0.0005,"fee_close":0.0005,"trade_duration":540,"profit_ratio":0.03264722686568001,"profit_abs":32.07636872,"exit_reason":"trailing_stop_loss","initial_stop_loss_abs":116664.4,"initial_stop_loss_ratio":-0.03,"stop_loss_abs":119256.2,"stop_loss_ratio":-0.01,"min_rate":117641.3,"max_rate":119655.0,"is_open":false,"enter_tag":"","leverage":3.0,"is_short":false,"open_timestamp":1752382800000,"close_timestamp":1752415200000,"orders":[{"amount":0.025,"safe_price":117842.8,"ft_order_side":"buy","order_filled_timestamp":1752382800000,"ft_is_entry":true,"ft_order_tag":"","cost":2947.543035},{"amount":0.025,"safe_price":119256.2,"ft_order_side":"sell","order_filled_timestamp":1752415200000,"ft_is_entry":false,"ft_order_tag":"trailing_stop_loss","cost":2982.8957025}],"funding_fees":-0.294893783731875},{"pair":"BTC/USDT:USDT","stake_amount":998.2925,"max_stake_amount":998.2925,"amount":0.025,"open_date":"2025-07-14 02:30:00+00:00","close_date":"2025-07-14 03:30:00+00:00","open_rate":119795.1,"close_rate":121394.0,"fee_open":0.0005,"fee_close":0.0005,"trade_duration":60,"profit_ratio":0.03700234817617749,"profit_abs":36.95763625,"exit_reason":"trailing_stop_loss","initial_stop_loss_abs":118597.2,"initial_stop_loss_ratio":-0.03,"stop_loss_abs":121394.0,"stop_loss_ratio":-0.01,"min_rate":119450.4,"max_rate":121800.0,"is_open":false,"enter_tag":"","leverage":3.0,"is_short":false,"open_timestamp":1752460200000,"close_timestamp":1752463800000,"orders":[{"amount":0.025,"safe_price":119795.1,"ft_order_side":"buy","order_filled_timestamp":1752460200000,"ft_is_entry":true,"ft_order_tag":"","cost":2996.37493875},{"amount":0.025,"safe_price":121394.0,"ft_order_side":"sell","order_filled_timestamp":1752463800000,"ft_is_entry":false,"ft_order_tag":"trailing_stop_loss","cost":3036.3674250000004}],"funding_fees":0.0},{"pair":"BTC/USDT:USDT","stake_amount":997.96916667,"max_stake_amount":997.96916667,"amount":0.025,"open_date":"2025-07-14 19:30:00+00:00","close_date":"2025-07-15 01:30:00+00:00","open_rate":119756.3,"close_rate":118558.8,"fee_open":0.0005,"fee_close":0.0005,"trade_duration":360,"profit_ratio":-0.03326694499811168,"profit_abs":-33.21598507,"exit_reason":"stop_loss","initial_stop_loss_abs":118558.8,"initial_stop_loss_ratio":-0.03,"stop_loss_abs":118558.8,"stop_loss_ratio":-0.03,"min_rate":118376.5,"max_rate":120430.0,"is_open":false,"enter_tag":"","leverage":3.0,"is_short":false,"open_timestamp":1752521400000,"close_timestamp":1752543000000,"orders":[{"amount":0.025,"safe_price":119756.3,"ft_order_side":"buy","order_filled_timestamp":1752521400000,"ft_is_entry":true,"ft_order_tag":"","cost":2995.40445375},{"amount":0.025,"safe_price":118558.8,"ft_order_side":"sell","order_filled_timestamp":1752543000000,"ft_is_entry":false,"ft_order_tag":"stop_loss","cost":2965.451985}],"funding_fees":-0.2995463187590501},{"pair":"BTC/USDT:USDT","stake_amount":992.85166667,"max_stake_amount":992.85166667,"amount":0.025,"open_date":"2025-07-16 09:30:00+00:00","close_date":"2025-07-16 21:00:00+00:00","open_rate":119142.2,"close_rate":119699.7,"fee_open":0.0005,"fee_close":0.0005,"trade_duration":690,"profit_ratio":0.010725686776309987,"profit_abs":10.6543405,"exit_reason":"trailing_stop_loss","initial_stop_loss_abs":117950.8,"initial_stop_loss_ratio":-0.03,"stop_loss_abs":119699.7,"stop_loss_ratio":-0.01,"min_rate":118156.0,"max_rate":120100.0,"is_open":false,"enter_tag":"","leverage":3.0,"is_short":false,"open_timestamp":1752658200000,"close_timestamp":1752699600000,"orders":[{"amount":0.025,"safe_price":119142.2,"ft_order_side":"buy","order_filled_timestamp":1752658200000,"ft_is_entry":true,"ft_order_tag":"","cost":2980.0442775},{"amount":0.025,"safe_price":119699.7,"ft_order_side":"sell","order_filled_timestamp":1752699600000,"ft_is_entry":false,"ft_order_tag":"trailing_stop_loss","cost":2993.98874625}],"funding_fees":-0.29763575000000003},{"pair":"BTC/USDT:USDT","stake_amount":997.39416667,"max_stake_amount":997.39416667,"amount":0.025,"open_date":"2025-07-17 18:30:00+00:00","close_date":"2025-07-17 20:00:00+00:00","open_rate":119687.3,"close_rate":118490.5,"fee_open":0.0005,"fee_close":0.0005,"trade_duration":90,"profit_ratio":-0.03296668780291195,"profit_abs":-32.8972225,"exit_reason":"stop_loss","initial_stop_loss_abs":118490.5,"initial_stop_loss_ratio":-0.03,"stop_loss_abs":118490.5,"stop_loss_ratio":-0.03,"min_rate":118343.2,"max_rate":119879.1,"is_open":false,"enter_tag":"","leverage":3.0,"is_short":false,"open_timestamp":1752777000000,"close_timestamp":1752782400000,"orders":[{"amount":0.025,"safe_price":119687.3,"ft_order_side":"buy","order_filled_timestamp":1752777000000,"ft_is_entry":true,"ft_order_tag":"","cost":2993.67859125},{"amount":0.025,"safe_price":118490.5,"ft_order_side":"sell","order_filled_timestamp":1752782400000,"ft_is_entry":false,"ft_order_tag":"stop_loss","cost":2963.74363125}],"funding_fees":0.0},{"pair":"BTC/USDT:USDT","stake_amount":967.2,"max_stake_amount":967.2,"amount":0.024,"open_date":"2025-07-17 21:30:00+00:00","close_date":"2025-07-17 22:30:00+00:00","open_rate":120900.0,"close_rate":119691.0,"fee_open":0.0005,"fee_close":0.0005,"trade_duration":60,"profit_ratio":-0.03296851574212894,"profit_abs":-31.903092,"exit_reason":"stop_loss","initial_stop_loss_abs":119691.0,"initial_stop_loss_ratio":-0.03,"stop_loss_abs":119691.0,"stop_loss_ratio":-0.03,"min_rate":119451.3,"max_rate":120930.8,"is_open":false,"enter_tag":"","leverage":3.0,"is_short":false,"open_timestamp":1752787800000,"close_timestamp":1752791400000,"orders":[{"amount":0.024,"safe_price":120900.0,"ft_order_side":"buy","order_filled_timestamp":1752787800000,"ft_is_entry":true,"ft_order_tag":"","cost":2903.0507999999995},{"amount":0.024,"safe_price":119691.0,"ft_order_side":"sell","order_filled_timestamp":1752791400000,"ft_is_entry":false,"ft_order_tag":"stop_loss","cost":2874.0202919999997}],"funding_fees":0.0},{"pair":"BTC/USDT:USDT","stake_amount":961.3424,"max_stake_amount":961.3424,"amount":0.024,"open_date":"2025-07-18 01:30:00+00:00","close_date":"2025-07-18 08:30:00+00:00","open_rate":120167.8,"close_rate":118966.2,"fee_open":0.0005,"fee_close":0.0005,"trade_duration":420,"profit_ratio":-0.033264396080749783,"profit_abs":-31.9944636,"exit_reason":"stop_loss","initial_stop_loss_abs":118966.2,"initial_stop_loss_ratio":-0.03,"stop_loss_abs":118966.2,"stop_loss_ratio":-0.03,"min_rate":118384.6,"max_rate":120846.1,"is_open":false,"enter_tag":"","leverage":3.0,"is_short":false,"open_timestamp":1752802200000,"close_timestamp":1752827400000,"orders":[{"amount":0.024,"safe_price":120167.8,"ft_order_side":"buy","order_filled_timestamp":1752802200000,"ft_is_entry":true,"ft_order_tag":"","cost":2885.4692136},{"amount":0.024,"safe_price":118966.2,"ft_order_side":"sell","order_filled_timestamp":1752827400000,"ft_is_entry":false,"ft_order_tag":"stop_loss","cost":2856.6163943999995}],"funding_fees":-0.28645560000000003},{"pair":"BTC/USDT:USDT","stake_amount":986.48916667,"max_stake_amount":986.48916667,"amount":0.025,"open_date":"2025-07-20 14:00:00+00:00","close_date":"2025-07-20 22:00:00+00:00","open_rate":118378.7,"close_rate":117195.0,"fee_open":0.0005,"fee_close":0.0005,"trade_duration":480,"profit_ratio":-0.03326689956755802,"profit_abs":-32.83384475,"exit_reason":"stop_loss","initial_stop_loss_abs":117195.0,"initial_stop_loss_ratio":-0.03,"stop_loss_abs":117195.0,"stop_loss_ratio":-0.03,"min_rate":116370.1,"max_rate":118856.6,"is_open":false,"enter_tag":"","leverage":3.0,"is_short":false,"open_timestamp":1753020000000,"close_timestamp":1753048800000,"orders":[{"amount":0.025,"safe_price":118378.7,"ft_order_side":"buy","order_filled_timestamp":1753020000000,"ft_is_entry":true,"ft_order_tag":"","cost":2960.94723375},{"amount":0.025,"safe_price":117195.0,"ft_order_side":"sell","order_filled_timestamp":1753048800000,"ft_is_entry":false,"ft_order_tag":"stop_loss","cost":2931.3399375}],"funding_fees":-0.2966735},{"pair":"BTC/USDT:USDT","stake_amount":983.33333333,"max_stake_amount":983.33333333,"amount":0.025,"open_date":"2025-07-21 02:30:00+00:00","close_date":"2025-07-21 06:00:00+00:00","open_rate":118000.0,"close_rate":118520.0,"fee_open":0.0005,"fee_close":0.0005,"trade_duration":210,"profit_ratio":0.010208624501308668,"profit_abs":10.0435,"exit_reason":"trailing_stop_loss","initial_stop_loss_abs":116820.0,"initial_stop_loss_ratio":-0.03,"stop_loss_abs":118520.0,"stop_loss_ratio":-0.01,"min_rate":117728.5,"max_rate":118916.3,"is_open":false,"enter_tag":"","leverage":3.0,"is_short":false,"open_timestamp":1753065000000,"close_timestamp":1753077600000,"orders":[{"amount":0.025,"safe_price":118000.0,"ft_order_side":"buy","order_filled_timestamp":1753065000000,"ft_is_entry":true,"ft_order_tag":"","cost":2951.475},{"amount":0.025,"safe_price":118520.0,"ft_order_side":"sell","order_filled_timestamp":1753077600000,"ft_is_entry":false,"ft_order_tag":"trailing_stop_loss","cost":2964.4815}],"funding_fees":0.0}],"locks":[],"best_pair":{"key":"BTC/USDT:USDT","trades":39,"profit_mean":-0.008625502421865392,"profit_mean_pct":-0.86,"profit_total_abs":-329.95771623999997,"profit_total":-0.065991543248,"profit_total_pct":-6.6,"duration_avg":"7:52:00","wins":18,"draws":0,"losses":21,"winrate":0.46153846153846156,"cagr":-0.33986298538595483,"expectancy":-8.460454262564104,"expectancy_ratio":-0.27995434417127407,"sortino":-16.19450523521624,"sharpe":-4.281214852271713,"calmar":-30.90103317477968,"sqn":-2.1252,"profit_factor":0.48008478939620514,"max_drawdown_account":0.06800024324799997,"max_drawdown_abs":340.0012162400001},"worst_pair":{"key":"BTC/USDT:USDT","trades":39,"profit_mean":-0.008625502421865392,"profit_mean_pct":-0.86,"profit_total_abs":-329.95771623999997,"profit_total":-0.065991543248,"profit_total_pct":-6.6,"duration_avg":"7:52:00","wins":18,"draws":0,"losses":21,"winrate":0.46153846153846156,"cagr":-0.33986298538595483,"expectancy":-8.460454262564104,"expectancy_ratio":-0.27995434417127407,"sortino":-16.19450523521624,"sharpe":-4.281214852271713,"calmar":-30.90103317477968,"sqn":-2.1252,"profit_factor":0.48008478939620514,"max_drawdown_account":0.06800024324799997,"max_drawdown_abs":340.0012162400001},"results_per_pair":[{"key":"BTC/USDT:USDT","trades":39,"profit_mean":-0.008625502421865392,"profit_mean_pct":-0.86,"profit_total_abs":-329.95771623999997,"profit_total":-0.065991543248,"profit_total_pct":-6.6,"duration_avg":"7:52:00","wins":18,"draws":0,"losses":21,"winrate":0.46153846153846156,"cagr":-0.33986298538595483,"expectancy":-8.460454262564104,"expectancy_ratio":-0.27995434417127407,"sortino":-16.19450523521624,"sharpe":-4.281214852271713,"calmar":-30.90103317477968,"sqn":-2.1252,"profit_factor":0.48008478939620514,"max_drawdown_account":0.06800024324799997,"max_drawdown_abs":340.0012162400001},{"key":"TOTAL","trades":39,"profit_mean":-0.008625502421865392,"profit_mean_pct":-0.86,"profit_total_abs":-329.95771623999997,"profit_total":-0.065991543248,"profit_total_pct":-6.6,"duration_avg":"7:52:00","wins":18,"draws":0,"losses":21,"winrate":0.46153846153846156,"cagr":-0.33986298538595483,"expectancy":-8.460454262564104,"expectancy_ratio":-0.27995434417127407,"sortino":-16.19450523521624,"sharpe":-4.281214852271713,"calmar":-30.90103317477968,"sqn":-2.1252,"profit_factor":0.48008478939620514,"max_drawdown_account":0.06800024324799997,"max_drawdown_abs":340.0012162400001}],"results_per_enter_tag":[{"key":"","trades":39,"profit_mean":-0.008625502421865392,"profit_mean_pct":-0.86,"profit_total_abs":-329.95771623999997,"profit_total":-0.065991543248,"profit_total_pct":-6.6,"duration_avg":"7:52:00","wins":18,"draws":0,"losses":21,"winrate":0.46153846153846156,"cagr":-0.33986298538595483,"expectancy":-8.460454262564104,"expectancy_ratio":-0.27995434417127407,"sortino":-16.19450523521624,"sharpe":-4.281214852271713,"calmar":-30.90103317477968,"sqn":-2.1252,"profit_factor":0.48008478939620514,"max_drawdown_account":0.06800024324799997,"max_drawdown_abs":340.0012162400001},{"key":"TOTAL","trades":39,"profit_mean":-0.008625502421865392,"profit_mean_pct":-0.86,"profit_total_abs":-329.95771623999997,"profit_total":-0.065991543248,"profit_total_pct":-6.6,"duration_avg":"7:52:00","wins":18,"draws":0,"losses":21,"winrate":0.46153846153846156,"cagr":-0.33986298538595483,"expectancy":-8.460454262564104,"expectancy_ratio":-0.27995434417127407,"sortino":-16.19450523521624,"sharpe":-4.281214852271713,"calmar":-30.90103317477968,"sqn":-2.1252,"profit_factor":0.48008478939620514,"max_drawdown_account":0.06800024324799997,"max_drawdown_abs":340.0012162400001}],"exit_reason_summary":[{"key":"trailing_stop_loss","trades":18,"profit_mean":0.017150213086181233,"profit_mean_pct":1.72,"profit_total_abs":304.67983525,"profit_total":0.06093596705,"profit_total_pct":6.09,"duration_avg":"8:03:00","wins":18,"draws":0,"losses":0,"winrate":1.0,"cagr":0.43309770693528504,"expectancy":16.926657513888888,"expectancy_ratio":100.0,"sortino":-100,"sharpe":12.64954616742603,"calmar":-100,"sqn":9.0998,"profit_factor":0.0,"max_drawdown_account":0.0,"max_drawdown_abs":0.0},{"key":"exit_signal","trades":3,"profit_mean":-0.016231432939362415,"profit_mean_pct":-1.62,"profit_total_abs":-47.682275329999996,"profit_total":-0.009536455066,"profit_total_pct":-0.95,"duration_avg":"15:00:00","wins":0,"draws":0,"losses":3,"winrate":0.0,"cagr":-0.05662539546122991,"expectancy":-15.894091776666665,"expectancy_ratio":-1.0,"sortino":-2.062101572094132,"sharpe":-2.062101572094132,"calmar":-31.841621957571157,"sqn":-3.0529,"profit_factor":0.0,"max_drawdown_account":0.009536455066000054,"max_drawdown_abs":47.682275329999996},{"key":"stop_loss","trades":18,"profit_mean":-0.03313356284366251,"profit_mean_pct":-3.31,"profit_total_abs":-586.95527616,"profit_total":-0.11739105523200001,"profit_total_pct":-11.74,"duration_avg":"6:30:00","wins":0,"draws":0,"losses":18,"winrate":0.0,"cagr":-0.5321672286493874,"expectancy":-32.608626453333336,"expectancy_ratio":-1.0,"sortino":-469.80312995237534,"sharpe":-469.80312995237534,"calmar":-31.84162195757134,"sqn":-337.9657,"profit_factor":0.0,"max_drawdown_account":0.11739105523199997,"max_drawdown_abs":586.9552761599999},{"key":"TOTAL","trades":39,"profit_mean":-0.008625502421865392,"profit_mean_pct":-0.86,"profit_total_abs":-329.95771623999997,"profit_total":-0.065991543248,"profit_total_pct":-6.6,"duration_avg":"7:52:00","wins":18,"draws":0,"losses":21,"winrate":0.46153846153846156,"cagr":-0.33986298538595483,"expectancy":-8.460454262564104,"expectancy_ratio":-0.27995434417127407,"sortino":-16.19450523521624,"sharpe":-4.281214852271713,"calmar":-30.90103317477968,"sqn":-2.1252,"profit_factor":0.48008478939620514,"max_drawdown_account":0.06800024324799997,"max_drawdown_abs":340.0012162400001}],"mix_tag_stats":[{"key":["","trailing_stop_loss"],"trades":18,"profit_mean":0.017150213086181233,"profit_mean_pct":1.72,"profit_total_abs":304.67983525,"profit_total":0.06093596705,"profit_total_pct":6.09,"duration_avg":"8:03:00","wins":18,"draws":0,"losses":0,"winrate":1.0,"cagr":0.43309770693528504,"expectancy":16.926657513888888,"expectancy_ratio":100.0,"sortino":-100,"sharpe":12.64954616742603,"calmar":-100,"sqn":9.0998,"profit_factor":0.0,"max_drawdown_account":0.0,"max_drawdown_abs":0.0},{"key":["","exit_signal"],"trades":3,"profit_mean":-0.016231432939362415,"profit_mean_pct":-1.62,"profit_total_abs":-47.682275329999996,"profit_total":-0.009536455066,"profit_total_pct":-0.95,"duration_avg":"15:00:00","wins":0,"draws":0,"losses":3,"winrate":0.0,"cagr":-0.05662539546122991,"expectancy":-15.894091776666665,"expectancy_ratio":-1.0,"sortino":-2.062101572094132,"sharpe":-2.062101572094132,"calmar":-31.841621957571157,"sqn":-3.0529,"profit_factor":0.0,"max_drawdown_account":0.009536455066000054,"max_drawdown_abs":47.682275329999996},{"key":["","stop_loss"],"trades":18,"profit_mean":-0.03313356284366251,"profit_mean_pct":-3.31,"profit_total_abs":-586.95527616,"profit_total":-0.11739105523200001,"profit_total_pct":-11.74,"duration_avg":"6:30:00","wins":0,"draws":0,"losses":18,"winrate":0.0,"cagr":-0.5321672286493874,"expectancy":-32.608626453333336,"expectancy_ratio":-1.0,"sortino":-469.80312995237534,"sharpe":-469.80312995237534,"calmar":-31.84162195757134,"sqn":-337.9657,"profit_factor":0.0,"max_drawdown_account":0.11739105523199997,"max_drawdown_abs":586.9552761599999},{"key":"TOTAL","trades":39,"profit_mean":-0.008625502421865392,"profit_mean_pct":-0.86,"profit_total_abs":-329.95771623999997,"profit_total":-0.065991543248,"profit_total_pct":-6.6,"duration_avg":"7:52:00","wins":18,"draws":0,"losses":21,"winrate":0.46153846153846156,"cagr":-0.33986298538595483,"expectancy":-8.460454262564104,"expectancy_ratio":-0.27995434417127407,"sortino":-16.19450523521624,"sharpe":-4.281214852271713,"calmar":-30.90103317477968,"sqn":-2.1252,"profit_factor":0.48008478939620514,"max_drawdown_account":0.06800024324799997,"max_drawdown_abs":340.0012162400001}],"left_open_trades":[{"key":"TOTAL","trades":0,"profit_mean":0.0,"profit_mean_pct":0.0,"profit_total_abs":0.0,"profit_total":0.0,"profit_total_pct":0.0,"duration_avg":"0:00","wins":0,"draws":0,"losses":0,"winrate":0.0,"cagr":0.0,"expectancy":0.0,"expectancy_ratio":100.0,"sortino":0,"sharpe":0,"calmar":0,"sqn":0.0,"profit_factor":0.0,"max_drawdown_account":0.0,"max_drawdown_abs":0.0}],"total_trades":39,"trade_count_long":39,"trade_count_short":0,"total_volume":230158.56827324998,"avg_stake_amount":983.9880675215385,"profit_mean":-0.008625502421865392,"profit_median":-0.018014289655049982,"profit_total":-0.065991543248,"profit_total_long":-0.065991543248,"profit_total_short":0.0,"profit_total_abs":-329.95771623999997,"profit_total_long_abs":-329.95771623999997,"profit_total_short_abs":0.0,"cagr":-0.33986298538595483,"expectancy":-8.460454262564104,"expectancy_ratio":-0.27995434417127407,"sortino":-16.19450523521624,"sharpe":-4.281214852271713,"calmar":-30.90103317477968,"sqn":-2.1252,"profit_factor":0.48008478939620514,"backtest_start":"2025-05-22 01:00:00","backtest_start_ts":1747875600000,"backtest_end":"2025-07-21 17:30:00","backtest_end_ts":1753119000000,"backtest_days":60,"backtest_run_start_ts":1753131481,"backtest_run_end_ts":1753131481,"trades_per_day":0.65,"market_change":0.07139882143246884,"pairlist":["BTC/USDT:USDT"],"stake_amount":1000,"stake_currency":"USDT","stake_currency_decimals":3,"starting_balance":5000,"dry_run_wallet":5000,"final_balance":4670.04228376,"rejected_signals":0,"timedout_entry_orders":0,"timedout_exit_orders":1,"canceled_trade_entries":0,"canceled_entry_orders":0,"replaced_entry_orders":0,"max_open_trades":1,"max_open_trades_setting":2,"timeframe":"30m","timeframe_detail":"","timerange":"","enable_protections":false,"strategy_name":"PivotCamarillaStrategy","stoploss":-0.03,"trailing_stop":true,"trailing_stop_positive":0.01,"trailing_stop_positive_offset":0.02,"trailing_only_offset_is_reached":true,"use_custom_stoploss":false,"minimal_roi":{"0":0.05},"use_exit_signal":true,"exit_profit_only":false,"exit_profit_offset":0.0,"ignore_roi_if_entry_signal":false,"trading_mode":"futures","margin_mode":"isolated","periodic_breakdown":{"day":[{"date":"24/05/2025","date_ts":1748044800000,"profit_abs":-32.60067941,"wins":0,"draws":0,"losses":1,"trades":1,"profit_factor":0.0},{"date":"25/05/2025","date_ts":1748131200000,"profit_abs":0.0,"wins":0,"draws":0,"losses":0,"trades":0,"profit_factor":0.0},{"date":"26/05/2025","date_ts":1748217600000,"profit_abs":15.94446776,"wins":1,"draws":0,"losses":0,"trades":1,"profit_factor":0.0},{"date":"27/05/2025","date_ts":1748304000000,"profit_abs":-98.6538011,"wins":0,"draws":0,"losses":3,"trades":3,"profit_factor":0.0},{"date":"28/05/2025","date_ts":1748390400000,"profit_abs":0.0,"wins":0,"draws":0,"losses":0,"trades":0,"profit_factor":0.0},{"date":"29/05/2025","date_ts":1748476800000,"profit_abs":-32.18918805,"wins":0,"draws":0,"losses":1,"trades":1,"profit_factor":0.0},{"date":"30/05/2025","date_ts":1748563200000,"profit_abs":0.0,"wins":0,"draws":0,"losses":0,"trades":0,"profit_factor":0.0},{"date":"31/05/2025","date_ts":1748649600000,"profit_abs":0.0,"wins":0,"draws":0,"losses":0,"trades":0,"profit_factor":0.0},{"date":"01/06/2025","date_ts":1748736000000,"profit_abs":-23.90029861,"wins":0,"draws":0,"losses":1,"trades":1,"profit_factor":0.0},{"date":"02/06/2025","date_ts":1748822400000,"profit_abs":-6.12545401,"wins":0,"draws":0,"losses":1,"trades":1,"profit_factor":0.0},{"date":"03/06/2025","date_ts":1748908800000,"profit_abs":-32.91709931,"wins":0,"draws":0,"losses":1,"trades":1,"profit_factor":0.0},{"date":"04/06/2025","date_ts":1748995200000,"profit_abs":0.0,"wins":0,"draws":0,"losses":0,"trades":0,"profit_factor":0.0},{"date":"05/06/2025","date_ts":1749081600000,"profit_abs":-32.433177,"wins":0,"draws":0,"losses":1,"trades":1,"profit_factor":0.0},{"date":"06/06/2025","date_ts":1749168000000,"profit_abs":14.71445596,"wins":1,"draws":0,"losses":0,"trades":1,"profit_factor":0.0},{"date":"07/06/2025","date_ts":1749254400000,"profit_abs":0.0,"wins":0,"draws":0,"losses":0,"trades":0,"profit_factor":0.0},{"date":"08/06/2025","date_ts":1749340800000,"profit_abs":15.79559102,"wins":1,"draws":0,"losses":0,"trades":1,"profit_factor":0.0},{"date":"09/06/2025","date_ts":1749427200000,"profit_abs":11.652942,"wins":1,"draws":0,"losses":0,"trades":1,"profit_factor":0.0},{"date":"10/06/2025","date_ts":1749513600000,"profit_abs":0.0,"wins":0,"draws":0,"losses":0,"trades":0,"profit_factor":0.0},{"date":"11/06/2025","date_ts":1749600000000,"profit_abs":0.0,"wins":0,"draws":0,"losses":0,"trades":0,"profit_factor":0.0},{"date":"12/06/2025","date_ts":1749686400000,"profit_abs":0.0,"wins":0,"draws":0,"losses":0,"trades":0,"profit_factor":0.0},{"date":"13/06/2025","date_ts":1749772800000,"profit_abs":0.0,"wins":0,"draws":0,"losses":0,"trades":0,"profit_factor":0.0},{"date":"14/06/2025","date_ts":1749859200000,"profit_abs":0.0,"wins":0,"draws":0,"losses":0,"trades":0,"profit_factor":0.0},{"date":"15/06/2025","date_ts":1749945600000,"profit_abs":-32.68488578,"wins":0,"draws":0,"losses":1,"trades":1,"profit_factor":0.0},{"date":"16/06/2025","date_ts":1750032000000,"profit_abs":16.966985,"wins":1,"draws":0,"losses":0,"trades":1,"profit_factor":0.0},{"date":"17/06/2025","date_ts":1750118400000,"profit_abs":0.0,"wins":0,"draws":0,"losses":0,"trades":0,"profit_factor":0.0},{"date":"18/06/2025","date_ts":1750204800000,"profit_abs":0.0,"wins":0,"draws":0,"losses":0,"trades":0,"profit_factor":0.0},{"date":"19/06/2025","date_ts":1750291200000,"profit_abs":0.0,"wins":0,"draws":0,"losses":0,"trades":0,"profit_factor":0.0},{"date":"20/06/2025","date_ts":1750377600000,"profit_abs":23.80783366,"wins":1,"draws":0,"losses":0,"trades":1,"profit_factor":0.0},{"date":"21/06/2025","date_ts":1750464000000,"profit_abs":0.0,"wins":0,"draws":0,"losses":0,"trades":0,"profit_factor":0.0},{"date":"22/06/2025","date_ts":1750550400000,"profit_abs":0.0,"wins":0,"draws":0,"losses":0,"trades":0,"profit_factor":0.0},{"date":"23/06/2025","date_ts":1750636800000,"profit_abs":11.3482075,"wins":1,"draws":0,"losses":0,"trades":1,"profit_factor":0.0},{"date":"24/06/2025","date_ts":1750723200000,"profit_abs":0.0,"wins":0,"draws":0,"losses":0,"trades":0,"profit_factor":0.0},{"date":"25/06/2025","date_ts":1750809600000,"profit_abs":22.98346957,"wins":1,"draws":0,"losses":0,"trades":1,"profit_factor":0.0},{"date":"26/06/2025","date_ts":1750896000000,"profit_abs":-32.14861097,"wins":0,"draws":0,"losses":1,"trades":1,"profit_factor":0.0},{"date":"27/06/2025","date_ts":1750982400000,"profit_abs":-31.9662638,"wins":0,"draws":0,"losses":1,"trades":1,"profit_factor":0.0},{"date":"28/06/2025","date_ts":1751068800000,"profit_abs":0.0,"wins":0,"draws":0,"losses":0,"trades":0,"profit_factor":0.0},{"date":"29/06/2025","date_ts":1751155200000,"profit_abs":21.86882916,"wins":2,"draws":0,"losses":0,"trades":2,"profit_factor":0.0},{"date":"30/06/2025","date_ts":1751241600000,"profit_abs":0.0,"wins":0,"draws":0,"losses":0,"trades":0,"profit_factor":0.0},{"date":"01/07/2025","date_ts":1751328000000,"profit_abs":0.0,"wins":0,"draws":0,"losses":0,"trades":0,"profit_factor":0.0},{"date":"02/07/2025","date_ts":1751414400000,"profit_abs":23.01173715,"wins":1,"draws":0,"losses":0,"trades":1,"profit_factor":0.0},{"date":"03/07/2025","date_ts":1751500800000,"profit_abs":-32.7204684,"wins":0,"draws":0,"losses":1,"trades":1,"profit_factor":0.0},{"date":"04/07/2025","date_ts":1751587200000,"profit_abs":0.0,"wins":0,"draws":0,"losses":0,"trades":0,"profit_factor":0.0},{"date":"05/07/2025","date_ts":1751673600000,"profit_abs":0.0,"wins":0,"draws":0,"losses":0,"trades":0,"profit_factor":0.0},{"date":"06/07/2025","date_ts":1751760000000,"profit_abs":11.00260536,"wins":1,"draws":0,"losses":0,"trades":1,"profit_factor":0.0},{"date":"07/07/2025","date_ts":1751846400000,"profit_abs":0.0,"wins":0,"draws":0,"losses":0,"trades":0,"profit_factor":0.0},{"date":"08/07/2025","date_ts":1751932800000,"profit_abs":0.0,"wins":0,"draws":0,"losses":0,"trades":0,"profit_factor":0.0},{"date":"09/07/2025","date_ts":1752019200000,"profit_abs":-7.26528437,"wins":1,"draws":0,"losses":1,"trades":2,"profit_factor":0.58852122},{"date":"10/07/2025","date_ts":1752105600000,"profit_abs":15.4596273,"wins":1,"draws":0,"losses":0,"trades":1,"profit_factor":0.0},{"date":"11/07/2025","date_ts":1752192000000,"profit_abs":-32.75395825,"wins":0,"draws":0,"losses":1,"trades":1,"profit_factor":0.0},{"date":"12/07/2025","date_ts":1752278400000,"profit_abs":-33.04253617,"wins":0,"draws":0,"losses":1,"trades":1,"profit_factor":0.0},{"date":"13/07/2025","date_ts":1752364800000,"profit_abs":32.07636872,"wins":1,"draws":0,"losses":0,"trades":1,"profit_factor":0.0},{"date":"14/07/2025","date_ts":1752451200000,"profit_abs":36.95763625,"wins":1,"draws":0,"losses":0,"trades":1,"profit_factor":0.0},{"date":"15/07/2025","date_ts":1752537600000,"profit_abs":-33.21598507,"wins":0,"draws":0,"losses":1,"trades":1,"profit_factor":0.0},{"date":"16/07/2025","date_ts":1752624000000,"profit_abs":10.6543405,"wins":1,"draws":0,"losses":0,"trades":1,"profit_factor":0.0},{"date":"17/07/2025","date_ts":1752710400000,"profit_abs":-64.8003145,"wins":0,"draws":0,"losses":2,"trades":2,"profit_factor":0.0},{"date":"18/07/2025","date_ts":1752796800000,"profit_abs":-31.9944636,"wins":0,"draws":0,"losses":1,"trades":1,"profit_factor":0.0},{"date":"19/07/2025","date_ts":1752883200000,"profit_abs":0.0,"wins":0,"draws":0,"losses":0,"trades":0,"profit_factor":0.0},{"date":"20/07/2025","date_ts":1752969600000,"profit_abs":-32.83384475,"wins":0,"draws":0,"losses":1,"trades":1,"profit_factor":0.0},{"date":"21/07/2025","date_ts":1753056000000,"profit_abs":10.0435,"wins":1,"draws":0,"losses":0,"trades":1,"profit_factor":0.0}],"week":[{"date":"26/05/2025","date_ts":1748217600000,"profit_abs":-16.65621165,"wins":1,"draws":0,"losses":1,"trades":2,"profit_factor":0.48908391},{"date":"02/06/2025","date_ts":1748822400000,"profit_abs":-160.86874177,"wins":0,"draws":0,"losses":6,"trades":6,"profit_factor":0.0},{"date":"09/06/2025","date_ts":1749427200000,"profit_abs":-23.18728733,"wins":3,"draws":0,"losses":2,"trades":5,"profit_factor":0.64518456},{"date":"16/06/2025","date_ts":1750032000000,"profit_abs":-15.71790078,"wins":1,"draws":0,"losses":1,"trades":2,"profit_factor":0.51910798},{"date":"23/06/2025","date_ts":1750636800000,"profit_abs":35.15604116,"wins":2,"draws":0,"losses":0,"trades":2,"profit_factor":0.0},{"date":"30/06/2025","date_ts":1751241600000,"profit_abs":-19.26257604,"wins":3,"draws":0,"losses":2,"trades":5,"profit_factor":0.69956151},{"date":"07/07/2025","date_ts":1751846400000,"profit_abs":1.29387411,"wins":2,"draws":0,"losses":1,"trades":3,"profit_factor":1.03954326},{"date":"14/07/2025","date_ts":1752451200000,"profit_abs":11.43185348,"wins":4,"draws":0,"losses":3,"trades":7,"profit_factor":1.1369855},{"date":"21/07/2025","date_ts":1753056000000,"profit_abs":-142.14676742,"wins":2,"draws":0,"losses":5,"trades":7,"profit_factor":0.12710179}],"month":[{"date":"31/05/2025","date_ts":1748649600000,"profit_abs":-147.4992008,"wins":1,"draws":0,"losses":5,"trades":6,"profit_factor":0.09755329},{"date":"30/06/2025","date_ts":1751241600000,"profit_abs":-53.03747561,"wins":9,"draws":0,"losses":7,"trades":16,"profit_factor":0.72401583},{"date":"31/07/2025","date_ts":1753920000000,"profit_abs":-129.42103983,"wins":8,"draws":0,"losses":9,"trades":17,"profit_factor":0.53615539}],"year":[{"date":"31/12/2025","date_ts":1767139200000,"profit_abs":-329.95771624,"wins":18,"draws":0,"losses":21,"trades":39,"profit_factor":0.48008479}]},"backtest_best_day":0.03700234817617749,"backtest_worst_day":-0.09949744540029944,"backtest_best_day_abs":36.95763625,"backtest_worst_day_abs":-98.6538011,"winning_days":16,"draw_days":25,"losing_days":18,"daily_profit":[["2025-05-24",-32.60067941],["2025-05-25",0.0],["2025-05-26",15.94446776],["2025-05-27",-98.6538011],["2025-05-28",0.0],["2025-05-29",-32.18918805],["2025-05-30",0.0],["2025-05-31",0.0],["2025-06-01",-23.90029861],["2025-06-02",-6.12545401],["2025-06-03",-32.91709931],["2025-06-04",0.0],["2025-06-05",-32.433177],["2025-06-06",14.71445596],["2025-06-07",0.0],["2025-06-08",15.79559102],["2025-06-09",11.652942],["2025-06-10",0.0],["2025-06-11",0.0],["2025-06-12",0.0],["2025-06-13",0.0],["2025-06-14",0.0],["2025-06-15",-32.68488578],["2025-06-16",16.966985],["2025-06-17",0.0],["2025-06-18",0.0],["2025-06-19",0.0],["2025-06-20",23.80783366],["2025-06-21",0.0],["2025-06-22",0.0],["2025-06-23",11.3482075],["2025-06-24",0.0],["2025-06-25",22.98346957],["2025-06-26",-32.14861097],["2025-06-27",-31.9662638],["2025-06-28",0.0],["2025-06-29",21.86882916],["2025-06-30",0.0],["2025-07-01",0.0],["2025-07-02",23.01173715],["2025-07-03",-32.7204684],["2025-07-04",0.0],["2025-07-05",0.0],["2025-07-06",11.00260536],["2025-07-07",0.0],["2025-07-08",0.0],["2025-07-09",-7.26528437],["2025-07-10",15.4596273],["2025-07-11",-32.75395825],["2025-07-12",-33.04253617],["2025-07-13",32.07636872],["2025-07-14",36.95763625],["2025-07-15",-33.21598507],["2025-07-16",10.6543405],["2025-07-17",-64.8003145],["2025-07-18",-31.9944636],["2025-07-19",0.0],["2025-07-20",-32.83384475],["2025-07-21",10.0435]],"wins":18,"losses":21,"draws":0,"winrate":0.46153846153846156,"holding_avg":"7:52:00","holding_avg_s":28320.0,"winner_holding_min":"0d 00:30","winner_holding_min_s":1800.0,"winner_holding_max":"1d 17:00","winner_holding_max_s":147600.0,"winner_holding_avg":"0d 08:03","winner_holding_avg_s":28980.0,"loser_holding_min":"0d 01:00","loser_holding_min_s":3600.0,"loser_holding_max":"0d 19:30","loser_holding_max_s":70200.0,"loser_holding_avg":"0d 07:43","loser_holding_avg_s":27780.0,"max_consecutive_wins":4,"max_consecutive_losses":8,"max_drawdown_account":0.06800024324799997,"max_relative_drawdown":0.06800024324799997,"max_drawdown_abs":340.0012162400001,"drawdown_start":"2025-05-24 22:30:00","drawdown_start_ts":1748125800000.0,"drawdown_end":"2025-07-20 22:00:00","drawdown_end_ts":1753048800000.0,"max_drawdown_low":-340.0012162400001,"max_drawdown_high":-32.60067941,"csum_min":4659.99878376,"csum_max":4983.34378835}},"strategy_comparison":[{"key":"PivotCamarillaStrategy","trades":39,"profit_mean":-0.008625502421865392,"profit_mean_pct":-0.86,"profit_total_abs":-329.95771623999997,"profit_total":-0.065991543248,"profit_total_pct":-6.6,"duration_avg":"7:52:00","wins":18,"draws":0,"losses":21,"winrate":0.46153846153846156,"cagr":-0.33986298538595483,"expectancy":-8.460454262564104,"expectancy_ratio":-0.27995434417127407,"sortino":-16.19450523521624,"sharpe":-4.281214852271713,"calmar":-30.90103317477968,"sqn":-2.1252,"profit_factor":0.48008478939620514,"max_drawdown_account":0.06800024324799997,"max_drawdown_abs":"340.001"}]}